Tube ID,Condition,Oyster Family ID,Oyster Number,Oyster Rep,Oyster ID,Tissue,Storage buffer,Sampling Time (auto NOW),Sampler,Notes,Entry Status,Tube Check
M35,Ambient,Family 10,1,1,Family 10-O01-Ambient,Gill,SEI,2026-06-26 05:39,,Male - spermatozoa,Complete,
M36,Ambient,Family 10,2,1,Family 10-O02-Ambient,Gill,SEI,2026-06-26 05:39,,Male - spermatozoa,Complete,
M37,Ambient,Family 10,3,1,Family 10-O03-Ambient,Gill,SEI,2026-06-26 05:39,,Male - spermatozoa,Complete,
M38,Ambient,Family 10,4,1,Family 10-O04-Ambient,Gill,SEI,2026-06-26 05:39,,Male - spermatozoa,Complete,
M39,Ambient,Family 10,5,1,Family 10-O05-Ambient,Gill,SEI,2026-06-26 05:39,,Male - spermatozoa,Complete,
M40,Ambient,Family 10,6,1,Family 10-O06-Ambient,Gill,SEI,2026-06-26 05:39,,Male - spermatozoa,Complete,
M41,Ambient,Family 10,7,1,Family 10-O07-Ambient,Gill,SEI,2026-06-26 05:39,,Male - spermatozoa,Complete,
M42,Ambient,Family 10,8,1,Family 10-O08-Ambient,Gill,SEI,2026-06-26 05:39,,Male - spermatozoa,Complete,
M43,Ambient,Family 10,9,1,Family 10-O09-Ambient,Gill,SEI,2026-06-26 05:39,,Male - spermatozoa,Complete,
M44,Ambient,Family 10,10,1,Family 10-O10-Ambient,Gill,SEI,2026-06-26 05:39,,Female - eggs,Complete,
M45,Ambient,Family 10,11,1,Family 10-O11-Ambient,Gill,SEI,2026-06-26 05:39,,Female - eggs,Complete,
M46,Ambient,Family 10,12,1,Family 10-O12-Ambient,Gill,SEI,2026-06-26 05:39,,Male - spermatozoa,Complete,
M47,Ambient,Family 10,13,1,Family 10-O13-Ambient,Gill,SEI,2026-06-26 05:39,,Male - spermatozoa,Complete,
M48,Ambient,Family 10,14,1,Family 10-O14-Ambient,Gill,SEI,2026-06-26 05:39,,Male - spermatozoa,Complete,
M49,Ambient,Family 10,15,2,Family 10-O15-Ambient,Gill,SEI,2026-06-26 05:39,,Male - spermatozoa,Complete,
A01,Ambient,Family 10,1,2,Family 10-O01-Ambient,Gill,None,2026-06-26 05:39,,,Complete,
A02,Ambient,Family 10,2,2,Family 10-O02-Ambient,Gill,None,2026-06-26 05:39,,,Complete,
A03,Ambient,Family 10,3,2,Family 10-O03-Ambient,Gill,None,2026-06-26 05:39,,,Complete,
A04,Ambient,Family 10,4,2,Family 10-O04-Ambient,Gill,None,2026-06-26 05:39,,,Complete,
A05,Ambient,Family 10,5,2,Family 10-O05-Ambient,Gill,None,2026-06-26 05:39,,,Complete,
A06,Ambient,Family 10,6,2,Family 10-O06-Ambient,Gill,None,2026-06-26 05:39,,,Complete,
A07,Ambient,Family 10,7,2,Family 10-O07-Ambient,Gill,None,2026-06-26 05:39,,,Complete,
A08,Ambient,Family 10,8,2,Family 10-O08-Ambient,Gill,None,2026-06-26 05:39,,,Complete,
A09,Ambient,Family 10,9,2,Family 10-O09-Ambient,Gill,None,2026-06-26 05:39,,,Complete,
A10,Ambient,Family 10,10,2,Family 10-O10-Ambient,Gill,None,2026-06-26 05:39,,,Complete,
A11,Ambient,Family 10,11,2,Family 10-O11-Ambient,Gill,None,2026-06-26 05:39,,,Complete,
A12,Ambient,Family 10,12,2,Family 10-O12-Ambient,Gill,None,2026-06-26 05:39,,,Complete,
A13,Ambient,Family 10,13,2,Family 10-O13-Ambient,Gill,None,2026-06-26 05:39,,,Complete,
A14,Ambient,Family 10,14,2,Family 10-O14-Ambient,Gill,None,2026-06-26 05:39,,,Complete,
A15,Ambient,Family 10,15,2,Family 10-O15-Ambient,Gill,None,2026-06-26 05:39,,,Complete,
M50,Ambient,Family 1,1,1,Family 1-O01-Ambient,Gill,SEI,2026-06-26 05:39,,unknown ,Complete,
M51,Ambient,Family 1,2,2,Family 1-O02-Ambient,Gill,SEI,2026-06-26 05:39,,Male - no motility,Complete,
M52,Ambient,Family 1,3,3,Family 1-O03-Ambient,Gill,SEI,2026-06-26 05:39,,Male - spermatazoa,Complete,
M53,Ambient,Family 1,4,1,Family 1-O04-Ambient,Gill,SEI,2026-06-26 05:39,,Male - spermatazoa,Complete,
M54,Ambient,Family 1,5,2,Family 1-O05-Ambient,Gill,SEI,2026-06-26 05:39,,Male - spermatazoa,Complete,
M55,Ambient,Family 1,6,3,Family 1-O06-Ambient,Gill,SEI,2026-06-26 05:39,,Male - spermatazoa,Complete,
M56,Ambient,Family 1,7,1,Family 1-O07-Ambient,Gill,SEI,2026-06-26 05:39,,Male - spermatazoa,Complete,
M57,Ambient,Family 1,8,2,Family 1-O08-Ambient,Gill,SEI,2026-06-26 05:39,,Male - spermatazoa,Complete,
M58,Ambient,Family 1,9,3,Family 1-O09-Ambient,Gill,SEI,2026-06-26 05:39,,Male - spermatazoa,Complete,
M59,Ambient,Family 1,10,1,Family 1-O10-Ambient,Gill,SEI,2026-06-26 05:39,,Male - spermatazoa,Complete,
M60,Ambient,Family 1,11,2,Family 1-O11-Ambient,Gill,SEI,2026-06-26 05:39,,Male - spermatazoa,Complete,
M61,Ambient,Family 1,12,3,Family 1-O12-Ambient,Gill,SEI,2026-06-26 05:39,,Male - spermatazoa,Complete,
M62,Ambient,Family 1,13,1,Family 1-O13-Ambient,Gill,SEI,2026-06-26 05:39,,Male - spermatazoa,Complete,
M63,Ambient,Family 1,14,2,Family 1-O14-Ambient,Gill,SEI,2026-06-26 05:39,,Male - spermatazoa,Complete,
M64,Ambient,Family 1,15,3,Family 1-O15-Ambient,Gill,SEI,2026-06-26 05:39,,Male - spermatazoa,Complete,
A16,Ambient,Family 1,1,1,Family 1-O01-Ambient,Gill,None,2026-06-26 05:39,,,Complete,
A17,Ambient,Family 1,2,2,Family 1-O02-Ambient,Gill,None,2026-06-26 05:39,,,Complete,
A18,Ambient,Family 1,3,3,Family 1-O03-Ambient,Gill,None,2026-06-26 05:39,,,Complete,
A19,Ambient,Family 1,4,1,Family 1-O04-Ambient,Gill,None,2026-06-26 05:39,,,Complete,
A20,Ambient,Family 1,5,2,Family 1-O05-Ambient,Gill,None,2026-06-26 05:39,,,Complete,
A21,Ambient,Family 1,6,3,Family 1-O06-Ambient,Gill,None,2026-06-26 05:39,,,Complete,
A22,Ambient,Family 1,7,1,Family 1-O07-Ambient,Gill,None,2026-06-26 05:39,,,Complete,
A23,Ambient,Family 1,8,2,Family 1-O08-Ambient,Gill,None,2026-06-26 05:39,,,Complete,
A24,Ambient,Family 1,9,3,Family 1-O09-Ambient,Gill,None,2026-06-26 05:39,,,Complete,
A25,Ambient,Family 1,10,1,Family 1-O10-Ambient,Gill,None,2026-06-26 05:39,,,Complete,
A26,Ambient,Family 1,11,2,Family 1-O11-Ambient,Gill,None,2026-06-26 05:39,,,Complete,
A27,Ambient,Family 1,12,3,Family 1-O12-Ambient,Gill,None,2026-06-26 05:39,,,Complete,
A28,Ambient,Family 1,13,1,Family 1-O13-Ambient,Gill,None,2026-06-26 05:39,,,Complete,
A29,Ambient,Family 1,14,2,Family 1-O14-Ambient,Gill,None,2026-06-26 05:39,,,Complete,
A30,Ambient,Family 1,15,3,Family 1-O15-Ambient,Gill,None,2026-06-26 05:39,,,Complete,
L82,Ambient,Family 2,1,1,Family 2-O01-Ambient,Gill,SEI,#REF!,,Male - spermatazoa,#REF!,
L83,Ambient,Family 2,2,2,Family 2-O02-Ambient,Gill,SEI,#REF!,,Male - spermatazoa,Complete,
L84,Ambient,Family 2,3,3,Family 2-O03-Ambient,Gill,SEI,#REF!,,Male - spermatazoa,Complete,
L85,Ambient,Family 2,4,1,Family 2-O04-Ambient,Gill,SEI,#REF!,,Male - spermatazoa,Complete,
L86,Ambient,Family 2,5,2,Family 2-O05-Ambient,Gill,SEI,#REF!,,Male - spermatazoa,Complete,
L87,Ambient,Family 2,6,3,Family 2-O06-Ambient,Gill,SEI,#REF!,,Male - spermatazoa,Complete,
L88,Ambient,Family 2,7,1,Family 2-O07-Ambient,Gill,SEI,#REF!,,Male - spermatazoa,Complete,
L89,Ambient,Family 2,8,2,Family 2-O08-Ambient,Gill,SEI,#REF!,,Female - eggs,Complete,
L90,Ambient,Family 2,9,3,Family 2-O09-Ambient,Gill,SEI,#REF!,,Male - spermatazoa,Complete,
L91,Ambient,Family 2,10,1,Family 2-O10-Ambient,Gill,SEI,#REF!,,Male - no motility,Complete,
L92,Ambient,Family 2,11,2,Family 2-O11-Ambient,Gill,SEI,#REF!,,Male - spermatazoa,Complete,
L93,Ambient,Family 2,12,3,Family 2-O12-Ambient,Gill,SEI,#REF!,,Male - spermatazoa,Complete,
L94,Ambient,Family 2,13,1,Family 2-O13-Ambient,Gill,SEI,2026-06-26 05:39,,Male - spermatazoa,Complete,
L95,Ambient,Family 2,14,2,Family 2-O14-Ambient,Gill,SEI,2026-06-26 05:39,,Male - spermatazoa,Complete,
L96,Ambient,Family 2,15,3,Family 2-O15-Ambient,Gill,SEI,2026-06-26 05:39,,Male - spermatazoa,Complete,
A31,Ambient,Family 2,1,1,Family 2-O01-Ambient,Gill,None,2026-06-26 05:39,,,Complete,
A32,Ambient,Family 2,2,2,Family 2-O02-Ambient,Gill,None,2026-06-26 05:39,,,Complete,
A33,Ambient,Family 2,3,3,Family 2-O03-Ambient,Gill,None,2026-06-26 05:39,,,Complete,
A34,Ambient,Family 2,4,1,Family 2-O04-Ambient,Gill,None,2026-06-26 05:39,,,Complete,
A35,Ambient,Family 2,5,2,Family 2-O05-Ambient,Gill,None,2026-06-26 05:39,,,Complete,
A36,Ambient,Family 2,6,3,Family 2-O06-Ambient,Gill,None,2026-06-26 05:39,,,Complete,
A37,Ambient,Family 2,7,1,Family 2-O07-Ambient,Gill,None,2026-06-26 05:39,,,Complete,
A38,Ambient,Family 2,8,2,Family 2-O08-Ambient,Gill,None,2026-06-26 05:39,,,Complete,
A39,Ambient,Family 2,9,3,Family 2-O09-Ambient,Gill,None,2026-06-26 05:39,,,Complete,
A40,Ambient,Family 2,10,1,Family 2-O10-Ambient,Gill,None,2026-06-26 05:39,,,Complete,
A41,Ambient,Family 2,11,2,Family 2-O11-Ambient,Gill,None,2026-06-26 05:39,,,Complete,
A42,Ambient,Family 2,12,3,Family 2-O12-Ambient,Gill,None,2026-06-26 05:39,,,Complete,
A43,Ambient,Family 2,13,1,Family 2-O13-Ambient,Gill,None,2026-06-26 05:39,,,Complete,
A44,Ambient,Family 2,14,2,Family 2-O14-Ambient,Gill,None,2026-06-26 05:39,,,Complete,
A45,Ambient,Family 2,15,3,Family 2-O15-Ambient,Gill,None,2026-06-26 05:39,,,Complete,
L97,Ambient,Family 3,1,1,Family 3-O01-Ambient,Gill,SEI,2026-06-26 05:39,,Female - eggs,Complete,
L98,Ambient,Family 3,2,2,Family 3-O02-Ambient,Gill,SEI,2026-06-26 05:39,,"Slightly gaping - tissue ok, Male - spermatazoa",Complete,
L99,Ambient,Family 3,3,3,Family 3-O03-Ambient,Gill,SEI,2026-06-26 05:39,,Male - spermatazoa,Complete,
M01,Ambient,Family 3,4,1,Family 3-O04-Ambient,Gill,SEI,2026-06-26 05:39,,Male - spermatazoa,Complete,
M02,Ambient,Family 3,5,2,Family 3-O05-Ambient,Gill,SEI,2026-06-26 05:39,,Male - spermatazoa,Complete,
M03,Ambient,Family 3,6,3,Family 3-O06-Ambient,Gill,SEI,2026-06-26 05:39,,Male - spermatazoa,Complete,
M04,Ambient,Family 3,7,1,Family 3-O07-Ambient,Gill,SEI,2026-06-26 05:39,,Male - spermatazoa,Complete,
M05,Ambient,Family 3,8,2,Family 3-O08-Ambient,Gill,SEI,2026-06-26 05:39,,Male - spermatazoa,Complete,
M06,Ambient,Family 3,9,3,Family 3-O09-Ambient,Gill,SEI,2026-06-26 05:39,,Male - spermatazoa,Complete,
M07,Ambient,Family 3,10,1,Family 3-O10-Ambient,Gill,SEI,2026-06-26 05:39,,unknown,Complete,
M08,Ambient,Family 3,11,2,Family 3-O11-Ambient,Gill,SEI,2026-06-26 05:39,,unknown,Complete,
M09,Ambient,Family 3,12,3,Family 3-O12-Ambient,Gill,SEI,2026-06-26 05:39,,Female - eggs,Complete,
M10,Ambient,Family 3,13,1,Family 3-O13-Ambient,Gill,SEI,2026-06-26 05:39,,unknown,Complete,
M11,Ambient,Family 3,14,2,Family 3-O14-Ambient,Gill,SEI,2026-06-26 05:39,,Male - spermatazoa,Complete,
M12,Ambient,Family 3,15,3,Family 3-O15-Ambient,Gill,SEI,2026-06-26 05:39,,Male - spermatazoa,Complete,
A46,Ambient,Family 3,1,1,Family 3-O01-Ambient,Gill,None,2026-06-26 05:39,,,Complete,
A47,Ambient,Family 3,2,2,Family 3-O02-Ambient,Gill,None,2026-06-26 05:39,,,Complete,
A48,Ambient,Family 3,3,3,Family 3-O03-Ambient,Gill,None,2026-06-26 05:39,,,Complete,
A49,Ambient,Family 3,4,1,Family 3-O04-Ambient,Gill,None,2026-06-26 05:39,,,Complete,
A50,Ambient,Family 3,5,2,Family 3-O05-Ambient,Gill,None,2026-06-26 05:39,,,Complete,
A51,Ambient,Family 3,6,3,Family 3-O06-Ambient,Gill,None,2026-06-26 05:39,,,Complete,
A52,Ambient,Family 3,7,1,Family 3-O07-Ambient,Gill,None,2026-06-26 05:39,,,Complete,
A53,Ambient,Family 3,8,2,Family 3-O08-Ambient,Gill,None,2026-06-26 05:39,,,Complete,
A54,Ambient,Family 3,9,3,Family 3-O09-Ambient,Gill,None,2026-06-26 05:39,,,Complete,
A55,Ambient,Family 3,10,1,Family 3-O10-Ambient,Gill,None,2026-06-26 05:39,,,Complete,
A56,Ambient,Family 3,11,2,Family 3-O11-Ambient,Gill,None,2026-06-26 05:39,,,Complete,
A57,Ambient,Family 3,12,3,Family 3-O12-Ambient,Gill,None,2026-06-26 05:39,,,Complete,
A58,Ambient,Family 3,13,1,Family 3-O13-Ambient,Gill,None,2026-06-26 05:39,,,Complete,
A59,Ambient,Family 3,14,2,Family 3-O14-Ambient,Gill,None,2026-06-26 05:39,,,Complete,
A60,Ambient,Family 3,15,3,Family 3-O15-Ambient,Gill,None,2026-06-26 05:39,,,Complete,
M13,Ambient,Family 5,1,1,Family 5-O01-Ambient,Gill,SEI,2026-06-26 05:39,,unknown,Complete,
M14,Ambient,Family 5,2,2,Family 5-O02-Ambient,Gill,SEI,2026-06-26 05:39,,unknown,Complete,
M15,Ambient,Family 5,3,3,Family 5-O03-Ambient,Gill,SEI,2026-06-26 05:39,,unknown,Complete,
M16,Ambient,Family 5,4,1,Family 5-O04-Ambient,Gill,SEI,2026-06-26 05:39,,Male - spermatazoa (not very ripe),Complete,
M17,Ambient,Family 5,5,2,Family 5-O05-Ambient,Gill,SEI,2026-06-26 05:39,,Male - spermatazoa,Complete,
M18,Ambient,Family 5,6,3,Family 5-O06-Ambient,Gill,SEI,2026-06-26 05:39,,unknown,Complete,
M19,Ambient,Family 5,7,1,Family 5-O07-Ambient,Gill,SEI,2026-06-26 05:39,,Male - spermatazoa,Complete,
M20,Ambient,Family 5,8,2,Family 5-O08-Ambient,Gill,SEI,2026-06-26 05:39,,Male - spermatazoa,Complete,
M21,Ambient,Family 5,9,3,Family 5-O09-Ambient,Gill,SEI,2026-06-26 05:39,,Female - eggs,Complete,
M22,Ambient,Family 5,10,1,Family 5-O10-Ambient,Gill,SEI,2026-06-26 05:39,,unknown,Complete,
M23,Ambient,Family 5,11,2,Family 5-O11-Ambient,Gill,SEI,2026-06-26 05:39,,Male - spermatazoa,Complete,
M24,Ambient,Family 5,12,3,Family 5-O12-Ambient,Gill,SEI,2026-06-26 05:39,,Female - eggs,Complete,
M25,Ambient,Family 5,13,1,Family 5-O13-Ambient,Gill,SEI,2026-06-26 05:39,,Female - eggs (few and small),Complete,
M26,Ambient,Family 5,14,2,Family 5-O14-Ambient,Gill,SEI,2026-06-26 05:39,,Male - spermatazoa,Complete,
M27,Ambient,Family 5,15,3,Family 5-O15-Ambient,Gill,SEI,2026-06-26 05:39,,Female - eggs,Complete,
A61,Ambient,Family 5,1,1,Family 5-O01-Ambient,Gill,None,2026-06-26 05:39,,,Complete,
A62,Ambient,Family 5,2,2,Family 5-O02-Ambient,Gill,None,2026-06-26 05:39,,,Complete,
A63,Ambient,Family 5,3,3,Family 5-O03-Ambient,Gill,None,2026-06-26 05:39,,,Complete,
A64,Ambient,Family 5,4,1,Family 5-O04-Ambient,Gill,None,2026-06-26 05:39,,,Complete,
A65,Ambient,Family 5,5,2,Family 5-O05-Ambient,Gill,None,2026-06-26 05:39,,,Complete,
A66,Ambient,Family 5,6,3,Family 5-O06-Ambient,Gill,None,2026-06-26 05:39,,,Complete,
A67,Ambient,Family 5,7,1,Family 5-O07-Ambient,Gill,None,2026-06-26 05:39,,,Complete,
A68,Ambient,Family 5,8,2,Family 5-O08-Ambient,Gill,None,2026-06-26 05:39,,,Complete,
A69,Ambient,Family 5,9,3,Family 5-O09-Ambient,Gill,None,2026-06-26 05:39,,,Complete,
A70,Ambient,Family 5,10,1,Family 5-O10-Ambient,Gill,None,2026-06-26 05:39,,,Complete,
A71,Ambient,Family 5,11,2,Family 5-O11-Ambient,Gill,None,2026-06-26 05:39,,,Complete,
A72,Ambient,Family 5,12,3,Family 5-O12-Ambient,Gill,None,2026-06-26 05:39,,,Complete,
A73,Ambient,Family 5,13,1,Family 5-O13-Ambient,Gill,None,2026-06-26 05:39,,,Complete,
A74,Ambient,Family 5,14,2,Family 5-O14-Ambient,Gill,None,2026-06-26 05:39,,,Complete,
A75,Ambient,Family 5,15,3,Family 5-O15-Ambient,Gill,None,2026-06-26 05:39,,,Complete,
M28,36C,Family 10,1,1,Family 10-O01-36C,Gill,SEI,2026-06-26 05:39,,Male - spermatazoa,Complete,
M29,36C,Family 10,2,2,Family 10-O02-36C,Gill,SEI,2026-06-26 05:39,,Male - spermatazoa,Complete,
M30,36C,Family 10,3,3,Family 10-O03-36C,Gill,SEI,2026-06-26 05:39,,Male - spermatazoa,Complete,
M31,36C,Family 10,4,1,Family 10-O04-36C,Gill,SEI,2026-06-26 05:39,,Male - spermatazoa,Complete,
M32,36C,Family 10,5,2,Family 10-O05-36C,Gill,SEI,2026-06-26 05:39,,Male - spermatazoa,Complete,
M33,36C,Family 10,6,3,Family 10-O06-36C,Gill,SEI,2026-06-26 05:39,,Male - spermatazoa,Complete,
M34,36C,Family 10,7,1,Family 10-O07-36C,Gill,SEI,2026-06-26 05:39,,Male - spermatazoa,Complete,
M65,36C,Family 10,8,2,Family 10-O08-36C,Gill,SEI,2026-06-26 05:39,,Male - spermatazoa,Complete,
M66,36C,Family 10,9,3,Family 10-O09-36C,Gill,SEI,2026-06-26 05:39,,Male - spermatazoa,Complete,
M67,36C,Family 10,10,1,Family 10-O10-36C,Gill,SEI,2026-06-26 05:39,,Male - spermatazoa,Complete,
M68,36C,Family 10,11,2,Family 10-O11-36C,Gill,SEI,2026-06-26 05:39,,Male - spermatazoa,Complete,
M69,36C,Family 10,12,3,Family 10-O12-36C,Gill,SEI,2026-06-26 05:39,,Male - spermatazoa,Complete,
M70,36C,Family 10,13,1,Family 10-O13-36C,Gill,SEI,2026-06-26 05:39,,Male - spermatazoa,Complete,
M71,36C,Family 10,14,2,Family 10-O14-36C,Gill,SEI,2026-06-26 05:39,,Male - spermatazoa,Complete,
M72,36C,Family 10,15,3,Family 10-O15-36C,Gill,SEI,2026-06-26 05:39,,Male - spermatazoa,Complete,
A76,36C,Family 10,1,1,Family 10-O01-36C,Gill,None,2026-06-26 05:39,,,Complete,
A77,36C,Family 10,2,2,Family 10-O02-36C,Gill,None,2026-06-26 05:39,,,Complete,
A78,36C,Family 10,3,3,Family 10-O03-36C,Gill,None,2026-06-26 05:39,,,Complete,
A79,36C,Family 10,4,1,Family 10-O04-36C,Gill,None,2026-06-26 05:39,,,Complete,
A80,36C,Family 10,5,2,Family 10-O05-36C,Gill,None,2026-06-26 05:39,,,Complete,
A81,36C,Family 10,6,3,Family 10-O06-36C,Gill,None,2026-06-26 05:39,,,Complete,
A82,36C,Family 10,7,1,Family 10-O07-36C,Gill,None,2026-06-26 05:39,,,Complete,
A83,36C,Family 10,8,2,Family 10-O08-36C,Gill,None,2026-06-26 05:39,,,Complete,
A84,36C,Family 10,9,3,Family 10-O09-36C,Gill,None,2026-06-26 05:39,,,Complete,
A85,36C,Family 10,10,1,Family 10-O10-36C,Gill,None,2026-06-26 05:39,,,Complete,
A86,36C,Family 10,11,2,Family 10-O11-36C,Gill,None,2026-06-26 05:39,,,Complete,
A87,36C,Family 10,12,3,Family 10-O12-36C,Gill,None,2026-06-26 05:39,,,Complete,
A88,36C,Family 10,13,1,Family 10-O13-36C,Gill,None,2026-06-26 05:39,,,Complete,
A89,36C,Family 10,14,2,Family 10-O14-36C,Gill,None,2026-06-26 05:39,,,Complete,
A90,36C,Family 10,15,3,Family 10-O15-36C,Gill,None,2026-06-26 05:39,,,Complete,
M73,Ambient,Family 6,1,1,Family 6-O01-Ambient,Gill,SEI,2026-06-26 05:39,,Male - spermatazoa,Complete,
M74,Ambient,Family 6,2,2,Family 6-O02-Ambient,Gill,SEI,2026-06-26 05:39,,Male - spermatazoa,Complete,
M75,Ambient,Family 6,3,3,Family 6-O03-Ambient,Gill,SEI,2026-06-26 05:39,,Male - spermatazoa,Complete,
M76,Ambient,Family 6,4,1,Family 6-O04-Ambient,Gill,SEI,2026-06-26 05:39,,Male - spermatazoa,Complete,
M77,Ambient,Family 6,5,2,Family 6-O05-Ambient,Gill,SEI,2026-06-26 05:39,,Male - spermatazoa,Complete,
M78,Ambient,Family 6,6,3,Family 6-O06-Ambient,Gill,SEI,2026-06-26 05:39,,Male - spermatazoa,Complete,
M79,Ambient,Family 6,7,1,Family 6-O07-Ambient,Gill,SEI,2026-06-26 05:39,,Male - spermatazoa,Complete,
M80,Ambient,Family 6,8,2,Family 6-O08-Ambient,Gill,SEI,2026-06-26 05:39,,Male - spermatazoa,Complete,
M81,Ambient,Family 6,9,3,Family 6-O09-Ambient,Gill,SEI,2026-06-26 05:39,,Male - spermatazoa,Complete,
M82,Ambient,Family 6,10,1,Family 6-O10-Ambient,Gill,SEI,2026-06-26 05:39,,Male - spermatazoa,Complete,
M83,Ambient,Family 6,11,2,Family 6-O11-Ambient,Gill,SEI,2026-06-26 05:39,,Male - spermatazoa,Complete,
M84,Ambient,Family 6,12,3,Family 6-O12-Ambient,Gill,SEI,2026-06-26 05:39,,Male - spermatazoa,Complete,
M85,Ambient,Family 6,13,1,Family 6-O13-Ambient,Gill,SEI,2026-06-26 05:39,,Male - spermatazoa,Complete,
M86,Ambient,Family 6,14,2,Family 6-O14-Ambient,Gill,SEI,2026-06-26 05:39,,Male - spermatazoa,Complete,
M87,Ambient,Family 6,15,3,Family 6-O15-Ambient,Gill,SEI,2026-06-26 05:39,,Male - spermatazoa,Complete,
A91,Ambient,Family 6,1,1,Family 6-O01-Ambient,Gill,None,2026-06-26 05:39,,,Complete,
A92,Ambient,Family 6,2,2,Family 6-O02-Ambient,Gill,None,2026-06-26 05:39,,,Complete,
A93,Ambient,Family 6,3,3,Family 6-O03-Ambient,Gill,None,2026-06-26 05:39,,,Complete,
A94,Ambient,Family 6,4,1,Family 6-O04-Ambient,Gill,None,2026-06-26 05:39,,,Complete,
A95,Ambient,Family 6,5,2,Family 6-O05-Ambient,Gill,None,2026-06-26 05:39,,,Complete,
A96,Ambient,Family 6,6,3,Family 6-O06-Ambient,Gill,None,2026-06-26 05:39,,,Complete,
A97,Ambient,Family 6,7,1,Family 6-O07-Ambient,Gill,None,2026-06-26 05:39,,,Complete,
A98,Ambient,Family 6,8,2,Family 6-O08-Ambient,Gill,None,2026-06-26 05:39,,,Complete,
A99,Ambient,Family 6,9,3,Family 6-O09-Ambient,Gill,None,2026-06-26 05:39,,,Complete,
B01,Ambient,Family 6,10,1,Family 6-O10-Ambient,Gill,None,2026-06-26 05:39,,,Complete,
B02,Ambient,Family 6,11,2,Family 6-O11-Ambient,Gill,None,2026-06-26 05:39,,,Complete,
B03,Ambient,Family 6,12,3,Family 6-O12-Ambient,Gill,None,2026-06-26 05:39,,,Complete,
B04,Ambient,Family 6,13,1,Family 6-O13-Ambient,Gill,None,2026-06-26 05:39,,,Complete,
B05,Ambient,Family 6,14,2,Family 6-O14-Ambient,Gill,None,2026-06-26 05:39,,,Complete,
B06,Ambient,Family 6,15,3,Family 6-O15-Ambient,Gill,None,2026-06-26 05:39,,,Complete,
M88,36C,Family 3,1,1,Family 3-O01-36C,Gill,SEI,2026-06-26 05:39,,Male - spermatazoa,Complete,
M89,36C,Family 3,2,2,Family 3-O02-36C,Gill,SEI,2026-06-26 05:39,,Male - spermatazoa,Complete,
M90,36C,Family 3,3,3,Family 3-O03-36C,Gill,SEI,2026-06-26 05:39,,Female - eggs (very few),Complete,
M91,36C,Family 3,4,1,Family 3-O04-36C,Gill,SEI,2026-06-26 05:39,,Female - eggs ,Complete,
M92,36C,Family 3,5,2,Family 3-O05-36C,Gill,SEI,2026-06-26 05:39,,Male - spermatazoa,Complete,
M93,36C,Family 3,6,3,Family 3-O06-36C,Gill,SEI,2026-06-26 05:39,,Male - spermatazoa,Complete,
M94,36C,Family 3,7,1,Family 3-O07-36C,Gill,SEI,2026-06-26 05:39,,Male - spermatazoa,Complete,
M95,36C,Family 3,8,2,Family 3-O08-36C,Gill,SEI,2026-06-26 05:39,,Male - spermatazoa,Complete,
M96,36C,Family 3,9,3,Family 3-O09-36C,Gill,SEI,2026-06-26 05:39,,Male - spermatazoa,Complete,
M97,36C,Family 3,10,1,Family 3-O10-36C,Gill,SEI,2026-06-26 05:39,,Male - spermatazoa,Complete,
M98,36C,Family 3,11,2,Family 3-O11-36C,Gill,SEI,2026-06-26 05:39,,Male - spermatazoa,Complete,
M99,36C,Family 3,12,3,Family 3-O12-36C,Gill,SEI,2026-06-26 05:39,,Male - spermatazoa,Complete,
L01,36C,Family 3,13,1,Family 3-O13-36C,Gill,SEI,2026-06-26 05:39,,Male - spermatazoa,Complete,
L02,36C,Family 3,14,2,Family 3-O14-36C,Gill,SEI,2026-06-26 05:39,,Male - spermatazoa,Complete,
L03,36C,Family 3,15,3,Family 3-O15-36C,Gill,SEI,2026-06-26 05:39,,Male - spermatazoa,Complete,
B07,36C,Family 3,1,1,Family 3-O01-36C,Gill,None,2026-06-26 05:39,,,Complete,
B08,36C,Family 3,2,2,Family 3-O02-36C,Gill,None,2026-06-26 05:39,,,Complete,
B09,36C,Family 3,3,3,Family 3-O03-36C,Gill,None,2026-06-26 05:39,,,Complete,
B10,36C,Family 3,4,1,Family 3-O04-36C,Gill,None,2026-06-26 05:39,,,Complete,
B11,36C,Family 3,5,2,Family 3-O05-36C,Gill,None,2026-06-26 05:39,,,Complete,
B12,36C,Family 3,6,3,Family 3-O06-36C,Gill,None,2026-06-26 05:39,,,Complete,
B13,36C,Family 3,7,1,Family 3-O07-36C,Gill,None,2026-06-26 05:39,,,Complete,
B14,36C,Family 3,8,2,Family 3-O08-36C,Gill,None,2026-06-26 05:39,,,Complete,
B15,36C,Family 3,9,3,Family 3-O09-36C,Gill,None,2026-06-26 05:39,,,Complete,
B16,36C,Family 3,10,1,Family 3-O10-36C,Gill,None,2026-06-26 05:39,,,Complete,
B17,36C,Family 3,11,2,Family 3-O11-36C,Gill,None,2026-06-26 05:39,,,Complete,
B18,36C,Family 3,12,3,Family 3-O12-36C,Gill,None,2026-06-26 05:39,,,Complete,
B19,36C,Family 3,13,1,Family 3-O13-36C,Gill,None,2026-06-26 05:39,,,Complete,
B20,36C,Family 3,14,2,Family 3-O14-36C,Gill,None,2026-06-26 05:39,,,Complete,
B21,36C,Family 3,15,3,Family 3-O15-36C,Gill,None,2026-06-26 05:39,,,Complete,
L04,36C,Family 1,1,1,Family 1-O01-36C,Gill,SEI,2026-06-26 05:39,,Male - spermatazoa,Complete,
L05,36C,Family 1,2,2,Family 1-O02-36C,Gill,SEI,2026-06-26 05:39,,Male - spermatazoa,Complete,
L06,36C,Family 1,3,3,Family 1-O03-36C,Gill,SEI,2026-06-26 05:39,,Male - spermatazoa,Complete,
L07,36C,Family 1,4,1,Family 1-O04-36C,Gill,SEI,2026-06-26 05:39,,Male - spermatazoa,Complete,
L08,36C,Family 1,5,2,Family 1-O05-36C,Gill,SEI,2026-06-26 05:39,,Male - spermatazoa,Complete,
L09,36C,Family 1,6,3,Family 1-O06-36C,Gill,SEI,2026-06-26 05:39,,Male - spermatazoa,Complete,
L10,36C,Family 1,7,1,Family 1-O07-36C,Gill,SEI,2026-06-26 05:39,,Male - spermatazoa,Complete,
L11,36C,Family 1,8,2,Family 1-O08-36C,Gill,SEI,2026-06-26 05:39,,Male - spermatazoa,Complete,
L12,36C,Family 1,9,3,Family 1-O09-36C,Gill,SEI,2026-06-26 05:39,,Male - spermatazoa,Complete,
L13,36C,Family 1,10,1,Family 1-O10-36C,Gill,SEI,2026-06-26 05:39,,Male - spermatazoa,Complete,
L14,36C,Family 1,11,2,Family 1-O11-36C,Gill,SEI,2026-06-26 05:39,,Male - spermatazoa,Complete,
L15,36C,Family 1,12,3,Family 1-O12-36C,Gill,SEI,2026-06-26 05:39,,Male - spermatazoa,Complete,
L16,36C,Family 1,13,1,Family 1-O13-36C,Gill,SEI,2026-06-26 05:39,,Male - spermatazoa,Complete,
L17,36C,Family 1,14,2,Family 1-O14-36C,Gill,SEI,2026-06-26 05:39,,Male - spermatazoa,Complete,
L18,36C,Family 1,15,3,Family 1-O15-36C,Gill,SEI,2026-06-26 05:39,,Male - spermatazoa,Complete,
B22,36C,Family 1,1,1,Family 1-O01-36C,Gill,None,2026-06-26 05:39,,,Complete,
B23,36C,Family 1,2,2,Family 1-O02-36C,Gill,None,2026-06-26 05:39,,,Complete,
B24,36C,Family 1,3,3,Family 1-O03-36C,Gill,None,2026-06-26 05:39,,,Complete,
B25,36C,Family 1,4,1,Family 1-O04-36C,Gill,None,2026-06-26 05:39,,,Complete,
B26,36C,Family 1,5,2,Family 1-O05-36C,Gill,None,2026-06-26 05:39,,,Complete,
B27,36C,Family 1,6,3,Family 1-O06-36C,Gill,None,2026-06-26 05:39,,,Complete,
B28,36C,Family 1,7,1,Family 1-O07-36C,Gill,None,2026-06-26 05:39,,,Complete,
B29,36C,Family 1,8,2,Family 1-O08-36C,Gill,None,2026-06-26 05:39,,,Complete,
B30,36C,Family 1,9,3,Family 1-O09-36C,Gill,None,2026-06-26 05:39,,,Complete,
B31,36C,Family 1,10,1,Family 1-O10-36C,Gill,None,2026-06-26 05:39,,,Complete,
B32,36C,Family 1,11,2,Family 1-O11-36C,Gill,None,2026-06-26 05:39,,,Complete,
B33,36C,Family 1,12,3,Family 1-O12-36C,Gill,None,2026-06-26 05:39,,,Complete,
B34,36C,Family 1,13,1,Family 1-O13-36C,Gill,None,2026-06-26 05:39,,,Complete,
B35,36C,Family 1,14,2,Family 1-O14-36C,Gill,None,2026-06-26 05:39,,,Complete,
B36,36C,Family 1,15,3,Family 1-O15-36C,Gill,None,2026-06-26 05:39,,,Complete,
L19,36C,Family 2,1,1,Family 2-O01-36C,Gill,SEI,2026-06-26 05:39,,Male - spermatazoa,Complete,
L20,36C,Family 2,2,2,Family 2-O02-36C,Gill,SEI,2026-06-26 05:39,,Male - spermatazoa,Complete,
L21,36C,Family 2,3,3,Family 2-O03-36C,Gill,SEI,2026-06-26 05:39,,Male - spermatazoa,Complete,
L22,36C,Family 2,4,1,Family 2-O04-36C,Gill,SEI,2026-06-26 05:39,,Male - spermatazoa,Complete,
L23,36C,Family 2,5,2,Family 2-O05-36C,Gill,SEI,2026-06-26 05:39,,Male - spermatazoa,Complete,
L24,36C,Family 2,6,3,Family 2-O06-36C,Gill,SEI,2026-06-26 05:39,,Male - spermatazoa,Complete,
L25,36C,Family 2,7,1,Family 2-O07-36C,Gill,SEI,2026-06-26 05:39,,Male - spermatazoa,Complete,
L26,36C,Family 2,8,2,Family 2-O08-36C,Gill,SEI,2026-06-26 05:39,,Male - spermatazoa,Complete,
L27,36C,Family 2,9,3,Family 2-O09-36C,Gill,SEI,2026-06-26 05:39,,Male - spermatazoa,Complete,
L28,36C,Family 2,10,1,Family 2-O10-36C,Gill,SEI,2026-06-26 05:39,,Male - spermatazoa,Complete,
L29,36C,Family 2,11,2,Family 2-O11-36C,Gill,SEI,2026-06-26 05:39,,Male - spermatazoa,Complete,
L30,36C,Family 2,12,3,Family 2-O12-36C,Gill,SEI,2026-06-26 05:39,,Male - spermatazoa,Complete,
L31,36C,Family 2,13,1,Family 2-O13-36C,Gill,SEI,2026-06-26 05:39,,Male - spermatazoa,Complete,
L32,36C,Family 2,14,2,Family 2-O14-36C,Gill,SEI,2026-06-26 05:39,,Male - spermatazoa,Complete,
L33,36C,Family 2,15,3,Family 2-O15-36C,Gill,SEI,2026-06-26 05:39,,,Complete,
B37,36C,Family 2,1,1,Family 2-O01-36C,Gill,None,2026-06-26 05:39,,,Complete,
B38,36C,Family 2,2,2,Family 2-O02-36C,Gill,None,2026-06-26 05:39,,,Complete,
B39,36C,Family 2,3,3,Family 2-O03-36C,Gill,None,2026-06-26 05:39,,,Complete,
B40,36C,Family 2,4,1,Family 2-O04-36C,Gill,None,2026-06-26 05:39,,,Complete,
B41,36C,Family 2,5,2,Family 2-O05-36C,Gill,None,2026-06-26 05:39,,,Complete,
B42,36C,Family 2,6,3,Family 2-O06-36C,Gill,None,2026-06-26 05:39,,,Complete,
B43,36C,Family 2,7,1,Family 2-O07-36C,Gill,None,2026-06-26 05:39,,,Complete,
B44,36C,Family 2,8,2,Family 2-O08-36C,Gill,None,2026-06-26 05:39,,,Complete,
B45,36C,Family 2,9,3,Family 2-O09-36C,Gill,None,2026-06-26 05:39,,,Complete,
B46,36C,Family 2,10,1,Family 2-O10-36C,Gill,None,2026-06-26 05:39,,,Complete,
B47,36C,Family 2,11,2,Family 2-O11-36C,Gill,None,2026-06-26 05:39,,,Complete,
B48,36C,Family 2,12,3,Family 2-O12-36C,Gill,None,2026-06-26 05:39,,,Complete,
B49,36C,Family 2,13,1,Family 2-O13-36C,Gill,None,2026-06-26 05:39,,,Complete,
B50,36C,Family 2,14,2,Family 2-O14-36C,Gill,None,2026-06-26 05:39,,,Complete,
B51,36C,Family 2,15,3,Family 2-O15-36C,Gill,None,2026-06-26 05:39,,,Complete,
L34,36C,Family 5,1,1,Family 5-O01-36C,Gill,SEI,2026-06-26 05:39,,Male - spermatazoa,Complete,
L35,36C,Family 5,2,2,Family 5-O02-36C,Gill,SEI,2026-06-26 05:39,,Female - eggs,Complete,
L36,36C,Family 5,3,3,Family 5-O03-36C,Gill,SEI,2026-06-26 05:39,,Male - spermatazoa,Complete,
L37,36C,Family 5,4,1,Family 5-O04-36C,Gill,SEI,2026-06-26 05:39,,Male - spermatazoa,Complete,
L38,36C,Family 5,5,2,Family 5-O05-36C,Gill,SEI,2026-06-26 05:39,,Female - eggs (very few),Complete,
L39,36C,Family 5,6,3,Family 5-O06-36C,Gill,SEI,2026-06-26 05:39,,Female - eggs,Complete,
L40,36C,Family 5,7,1,Family 5-O07-36C,Gill,SEI,2026-06-26 05:39,,Female - eggs,Complete,
L41,36C,Family 5,8,2,Family 5-O08-36C,Gill,SEI,2026-06-26 05:39,,Male - spermatazoa,Complete,
L42,36C,Family 5,9,3,Family 5-O09-36C,Gill,SEI,2026-06-26 05:39,,Female - eggs,Complete,
L43,36C,Family 5,10,1,Family 5-O10-36C,Gill,SEI,2026-06-26 05:39,,Male - spermatazoa,Complete,
L44,36C,Family 5,11,2,Family 5-O11-36C,Gill,SEI,2026-06-26 05:39,,Female - eggs (very few),Complete,
L45,36C,Family 5,12,3,Family 5-O12-36C,Gill,SEI,2026-06-26 05:39,,Male - spermatazoa,Complete,
L46,36C,Family 5,13,1,Family 5-O13-36C,Gill,SEI,2026-06-26 05:39,,Female - eggs,Complete,
L47,36C,Family 5,14,2,Family 5-O14-36C,Gill,SEI,2026-06-26 05:39,,Female - eggs,Complete,
L48,36C,Family 5,15,3,Family 5-O15-36C,Gill,SEI,2026-06-26 05:39,,Female - eggs,Complete,
B52,36C,Family 5,1,1,Family 5-O01-36C,Gill,None,2026-06-26 05:39,,,Complete,
B53,36C,Family 5,2,2,Family 5-O02-36C,Gill,None,2026-06-26 05:39,,,Complete,
B54,36C,Family 5,3,3,Family 5-O03-36C,Gill,None,2026-06-26 05:39,,,Complete,
B55,36C,Family 5,4,1,Family 5-O04-36C,Gill,None,2026-06-26 05:39,,,Complete,
B56,36C,Family 5,5,2,Family 5-O05-36C,Gill,None,2026-06-26 05:39,,,Complete,
B57,36C,Family 5,6,3,Family 5-O06-36C,Gill,None,2026-06-26 05:39,,,Complete,
B58,36C,Family 5,7,1,Family 5-O07-36C,Gill,None,2026-06-26 05:39,,,Complete,
B59,36C,Family 5,8,2,Family 5-O08-36C,Gill,None,2026-06-26 05:39,,,Complete,
B60,36C,Family 5,9,3,Family 5-O09-36C,Gill,None,2026-06-26 05:39,,,Complete,
B61,36C,Family 5,10,1,Family 5-O10-36C,Gill,None,2026-06-26 05:39,,,Complete,
B62,36C,Family 5,11,2,Family 5-O11-36C,Gill,None,2026-06-26 05:39,,,Complete,
B63,36C,Family 5,12,3,Family 5-O12-36C,Gill,None,2026-06-26 05:39,,,Complete,
B64,36C,Family 5,13,1,Family 5-O13-36C,Gill,None,2026-06-26 05:39,,,Complete,
B65,36C,Family 5,14,2,Family 5-O14-36C,Gill,None,2026-06-26 05:39,,,Complete,
B66,36C,Family 5,15,3,Family 5-O15-36C,Gill,None,2026-06-26 05:39,,,Complete,
L49,36C,Family 6,1,1,Family 6-O01-36C,Gill,SEI,2026-06-26 05:39,,Male - spermatazoa,Complete,
L50,36C,Family 6,2,2,Family 6-O02-36C,Gill,SEI,2026-06-26 05:39,,Male - spermatazoa,Complete,
L51,36C,Family 6,3,3,Family 6-O03-36C,Gill,SEI,2026-06-26 05:39,,Male - spermatazoa,Complete,
L52,36C,Family 6,4,1,Family 6-O04-36C,Gill,SEI,2026-06-26 05:39,,Male - spermatazoa,Complete,
L53,36C,Family 6,5,2,Family 6-O05-36C,Gill,SEI,2026-06-26 05:39,,Male - spermatazoa,Complete,
L54,36C,Family 6,6,3,Family 6-O06-36C,Gill,SEI,2026-06-26 05:39,,Male - spermatazoa,Complete,
L55,36C,Family 6,7,1,Family 6-O07-36C,Gill,SEI,2026-06-26 05:39,,Male - spermatazoa,Complete,
L56,36C,Family 6,8,2,Family 6-O08-36C,Gill,SEI,2026-06-26 05:39,,Male - spermatazoa,Complete,
L57,36C,Family 6,9,3,Family 6-O09-36C,Gill,SEI,2026-06-26 05:39,,Male - spermatazoa,Complete,
L58,36C,Family 6,10,1,Family 6-O10-36C,Gill,SEI,2026-06-26 05:39,,Male - spermatazoa,Complete,
L59,36C,Family 6,11,2,Family 6-O11-36C,Gill,SEI,2026-06-26 05:39,,Male - spermatazoa,Complete,
L60,36C,Family 6,12,3,Family 6-O12-36C,Gill,SEI,2026-06-26 05:39,,Male - spermatazoa,Complete,
L61,36C,Family 6,13,1,Family 6-O13-36C,Gill,SEI,2026-06-26 05:39,,Male - spermatazoa,Complete,
L62,36C,Family 6,14,2,Family 6-O14-36C,Gill,SEI,2026-06-26 05:39,,Male - spermatazoa,Complete,
L63,36C,Family 6,15,3,Family 6-O15-36C,Gill,SEI,2026-06-26 05:39,,Male - spermatazoa,Complete,
B67,36C,Family 6,1,1,Family 6-O01-36C,Gill,None,2026-06-26 05:39,,,Complete,
B68,36C,Family 6,2,2,Family 6-O02-36C,Gill,None,2026-06-26 05:39,,,Complete,
B69,36C,Family 6,3,3,Family 6-O03-36C,Gill,None,2026-06-26 05:39,,,Complete,
B70,36C,Family 6,4,1,Family 6-O04-36C,Gill,None,2026-06-26 05:39,,,Complete,
B71,36C,Family 6,5,2,Family 6-O05-36C,Gill,None,2026-06-26 05:39,,,Complete,
B72,36C,Family 6,6,3,Family 6-O06-36C,Gill,None,2026-06-26 05:39,,,Complete,
B73,36C,Family 6,7,1,Family 6-O07-36C,Gill,None,2026-06-26 05:39,,,Complete,
B74,36C,Family 6,8,2,Family 6-O08-36C,Gill,None,2026-06-26 05:39,,,Complete,
B75,36C,Family 6,9,3,Family 6-O09-36C,Gill,None,2026-06-26 05:39,,,Complete,
B76,36C,Family 6,10,1,Family 6-O10-36C,Gill,None,2026-06-26 05:39,,,Complete,
B77,36C,Family 6,11,2,Family 6-O11-36C,Gill,None,2026-06-26 05:39,,,Complete,
B78,36C,Family 6,12,3,Family 6-O12-36C,Gill,None,2026-06-26 05:39,,,Complete,
B79,36C,Family 6,13,1,Family 6-O13-36C,Gill,None,2026-06-26 05:39,,,Complete,
B80,36C,Family 6,14,2,Family 6-O14-36C,Gill,None,2026-06-26 05:39,,,Complete,
B81,36C,Family 6,15,3,Family 6-O15-36C,Gill,None,2026-06-26 05:39,,,Complete,
L64,Ambient,Family 7,1,1,Family 7-O01-Ambient,Gill,SEI,2026-06-26 05:39,,Female,Complete,
L65,Ambient,Family 7,2,2,Family 7-O02-Ambient,Gill,SEI,2026-06-26 05:39,,male - spermatazoa,Complete,
L66,Ambient,Family 7,3,3,Family 7-O03-Ambient,Gill,SEI,2026-06-26 05:39,,Male - spermatazoa,Complete,
L67,Ambient,Family 7,4,1,Family 7-O04-Ambient,Gill,SEI,2026-06-26 05:39,,Male - spermatazoa,Complete,
L68,Ambient,Family 7,5,2,Family 7-O05-Ambient,Gill,SEI,2026-06-26 05:39,,Female,Complete,
L69,Ambient,Family 7,6,3,Family 7-O06-Ambient,Gill,SEI,2026-06-26 05:39,,Male - spermatazoa,Complete,
L70,Ambient,Family 7,7,1,Family 7-O07-Ambient,Gill,SEI,2026-06-26 05:39,,Male - spermatazoa,Complete,
L71,Ambient,Family 7,8,2,Family 7-O08-Ambient,Gill,SEI,2026-06-26 05:39,,Male - spermatazoa,Complete,
L72,Ambient,Family 7,9,3,Family 7-O09-Ambient,Gill,SEI,2026-06-26 05:39,,Male - spermatazoa,Complete,
L73,Ambient,Family 7,10,1,Family 7-O10-Ambient,Gill,SEI,2026-06-26 05:39,,Male - spermatazoa,Complete,
L74,Ambient,Family 7,11,2,Family 7-O11-Ambient,Gill,SEI,2026-06-26 05:39,,Male - spermatazoa,Complete,
L75,Ambient,Family 7,12,3,Family 7-O12-Ambient,Gill,SEI,2026-06-26 05:39,,Male - spermatazoa,Complete,
L76,Ambient,Family 7,13,1,Family 7-O13-Ambient,Gill,SEI,2026-06-26 05:39,,Male - spermatazoa,Complete,
L77,Ambient,Family 7,14,2,Family 7-O14-Ambient,Gill,SEI,2026-06-26 05:39,,Male - spermatazoa,Complete,
L78,Ambient,Family 7,15,3,Family 7-O15-Ambient,Gill,SEI,2026-06-26 05:39,,Female,Complete,
B82,Ambient,Family 7,1,1,Family 7-O01-Ambient,Gill,None,2026-06-26 05:39,,,Complete,
B83,Ambient,Family 7,2,2,Family 7-O02-Ambient,Gill,None,2026-06-26 05:39,,,Complete,
B84,Ambient,Family 7,3,3,Family 7-O03-Ambient,Gill,None,2026-06-26 05:39,,,Complete,
B85,Ambient,Family 7,4,1,Family 7-O04-Ambient,Gill,None,2026-06-26 05:39,,,Complete,
B86,Ambient,Family 7,5,2,Family 7-O05-Ambient,Gill,None,2026-06-26 05:39,,,Complete,
B87,Ambient,Family 7,6,3,Family 7-O06-Ambient,Gill,None,2026-06-26 05:39,,,Complete,
B88,Ambient,Family 7,7,1,Family 7-O07-Ambient,Gill,None,2026-06-26 05:39,,,Complete,
B89,Ambient,Family 7,8,2,Family 7-O08-Ambient,Gill,None,2026-06-26 05:39,,,Complete,
B90,Ambient,Family 7,9,3,Family 7-O09-Ambient,Gill,None,2026-06-26 05:39,,,Complete,
B91,Ambient,Family 7,10,1,Family 7-O10-Ambient,Gill,None,2026-06-26 05:39,,,Complete,
B92,Ambient,Family 7,11,2,Family 7-O11-Ambient,Gill,None,2026-06-26 05:39,,,Complete,
B93,Ambient,Family 7,12,3,Family 7-O12-Ambient,Gill,None,2026-06-26 05:39,,,Complete,
B94,Ambient,Family 7,13,1,Family 7-O13-Ambient,Gill,None,2026-06-26 05:39,,,Complete,
B95,Ambient,Family 7,14,2,Family 7-O14-Ambient,Gill,None,2026-06-26 05:39,,,Complete,
B96,Ambient,Family 7,15,3,Family 7-O15-Ambient,Gill,None,2026-06-26 05:39,,,Complete,
L79,Ambient,Family 8,1,1,Family 8-O01-Ambient,Gill,SEI,2026-06-26 05:39,,Male - spermatazoa,Complete,
L80,Ambient,Family 8,2,2,Family 8-O02-Ambient,Gill,SEI,2026-06-26 05:39,,Male - spermatazoa,Complete,
L81,Ambient,Family 8,3,3,Family 8-O03-Ambient,Gill,SEI,2026-06-26 05:39,,Male - spermatazoa,Complete,
S39,Ambient,Family 8,4,1,Family 8-O04-Ambient,Gill,SEI,2026-06-26 05:39,,Unknown,Complete,
S40,Ambient,Family 8,5,2,Family 8-O05-Ambient,Gill,SEI,2026-06-26 05:39,,Male - not very active ,Complete,
S41,Ambient,Family 8,6,3,Family 8-O06-Ambient,Gill,SEI,2026-06-26 05:39,,Male - spermatazoa,Complete,
S42,Ambient,Family 8,7,1,Family 8-O07-Ambient,Gill,SEI,2026-06-26 05:39,,Male - spermatazoa,Complete,
S43,Ambient,Family 8,8,2,Family 8-O08-Ambient,Gill,SEI,2026-06-26 05:39,,Male - spermatazoa,Complete,
S44,Ambient,Family 8,9,3,Family 8-O09-Ambient,Gill,SEI,2026-06-26 05:39,,Male - spermatazoa,Complete,
S45,Ambient,Family 8,10,1,Family 8-O10-Ambient,Gill,SEI,2026-06-26 05:39,,Unknown,Complete,
S46,Ambient,Family 8,11,2,Family 8-O11-Ambient,Gill,SEI,2026-06-26 05:39,,Male - not very active ,Complete,
S47,Ambient,Family 8,12,3,Family 8-O12-Ambient,Gill,SEI,2026-06-26 05:39,,Male - spermatazoa,Complete,
S48,Ambient,Family 8,13,1,Family 8-O13-Ambient,Gill,SEI,2026-06-26 05:39,,Male - spermatazoa,Complete,
S49,Ambient,Family 8,14,2,Family 8-O14-Ambient,Gill,SEI,2026-06-26 05:39,,Unknown,Complete,
S50,Ambient,Family 8,15,3,Family 8-O15-Ambient,Gill,SEI,2026-06-26 05:39,,Male - not active ,Complete,
B97,Ambient,Family 8,1,1,Family 8-O01-Ambient,Gill,None,2026-06-26 05:39,,,Complete,
B98,Ambient,Family 8,2,2,Family 8-O02-Ambient,Gill,None,2026-06-26 05:39,,,Complete,
B99,Ambient,Family 8,3,3,Family 8-O03-Ambient,Gill,None,2026-06-26 05:39,,,Complete,
C01,Ambient,Family 8,4,1,Family 8-O04-Ambient,Gill,None,2026-06-26 05:39,,,Complete,
C02,Ambient,Family 8,5,2,Family 8-O05-Ambient,Gill,None,2026-06-26 05:39,,,Complete,
C03,Ambient,Family 8,6,3,Family 8-O06-Ambient,Gill,None,2026-06-26 05:39,,,Complete,
C04,Ambient,Family 8,7,1,Family 8-O07-Ambient,Gill,None,2026-06-26 05:39,,,Complete,
C05,Ambient,Family 8,8,2,Family 8-O08-Ambient,Gill,None,2026-06-26 05:39,,,Complete,
C06,Ambient,Family 8,9,3,Family 8-O09-Ambient,Gill,None,2026-06-26 05:39,,,Complete,
C07,Ambient,Family 8,10,1,Family 8-O10-Ambient,Gill,None,2026-06-26 05:39,,,Complete,
C08,Ambient,Family 8,11,2,Family 8-O11-Ambient,Gill,None,2026-06-26 05:39,,,Complete,
C09,Ambient,Family 8,12,3,Family 8-O12-Ambient,Gill,None,2026-06-26 05:39,,,Complete,
C10,Ambient,Family 8,13,1,Family 8-O13-Ambient,Gill,None,2026-06-26 05:39,,,Complete,
C11,Ambient,Family 8,14,2,Family 8-O14-Ambient,Gill,None,2026-06-26 05:39,,,Complete,
C12,Ambient,Family 8,15,3,Family 8-O15-Ambient,Gill,None,2026-06-26 05:39,,,Complete,
S51,Ambient,Family 9,1,1,Family 9-O01-Ambient,Gill,SEI,2026-06-26 05:39,,Female,Complete,
S52,Ambient,Family 9,2,2,Family 9-O02-Ambient,Gill,SEI,2026-06-26 05:39,,Female,Complete,
S53,Ambient,Family 9,3,3,Family 9-O03-Ambient,Gill,SEI,2026-06-26 05:39,,Female,Complete,
S54,Ambient,Family 9,4,1,Family 9-O04-Ambient,Gill,SEI,2026-06-26 05:39,,Male - spermatazoa,Complete,
S55,Ambient,Family 9,5,2,Family 9-O05-Ambient,Gill,SEI,2026-06-26 05:39,,Male - spermatazoa,Complete,
S56,Ambient,Family 9,6,3,Family 9-O06-Ambient,Gill,SEI,2026-06-26 05:39,,Male - spermatazoa,Complete,
S57,Ambient,Family 9,7,1,Family 9-O07-Ambient,Gill,SEI,2026-06-26 05:39,,Female,Complete,
S58,Ambient,Family 9,8,2,Family 9-O08-Ambient,Gill,SEI,2026-06-26 05:39,,Male - spermatazoa,Complete,
S59,Ambient,Family 9,9,3,Family 9-O09-Ambient,Gill,SEI,2026-06-26 05:39,,Male - spermatazoa,Complete,
S60,Ambient,Family 9,10,1,Family 9-O10-Ambient,Gill,SEI,2026-06-26 05:39,,Male - spermatazoa,Complete,
S61,Ambient,Family 9,11,2,Family 9-O11-Ambient,Gill,SEI,2026-06-26 05:39,,Male - spermatazoa,Complete,
S62,Ambient,Family 9,12,3,Family 9-O12-Ambient,Gill,SEI,2026-06-26 05:39,,Male - spermatazoa,Complete,
S63,Ambient,Family 9,13,1,Family 9-O13-Ambient,Gill,SEI,2026-06-26 05:39,,Male - spermatazoa,Complete,
S64,Ambient,Family 9,14,2,Family 9-O14-Ambient,Gill,SEI,2026-06-26 05:39,,Male - spermatazoa,Complete,
S65,Ambient,Family 9,15,3,Family 9-O15-Ambient,Gill,SEI,2026-06-26 05:39,,Female,Complete,
C13,Ambient,Family 9,1,1,Family 9-O01-Ambient,Gill,None,2026-06-26 05:39,,,Complete,
C14,Ambient,Family 9,2,2,Family 9-O02-Ambient,Gill,None,2026-06-26 05:39,,,Complete,
C15,Ambient,Family 9,3,3,Family 9-O03-Ambient,Gill,None,2026-06-26 05:39,,,Complete,
C16,Ambient,Family 9,4,1,Family 9-O04-Ambient,Gill,None,2026-06-26 05:39,,,Complete,
C17,Ambient,Family 9,5,2,Family 9-O05-Ambient,Gill,None,2026-06-26 05:39,,,Complete,
C18,Ambient,Family 9,6,3,Family 9-O06-Ambient,Gill,None,2026-06-26 05:39,,,Complete,
C19,Ambient,Family 9,7,1,Family 9-O07-Ambient,Gill,None,2026-06-26 05:39,,,Complete,
C20,Ambient,Family 9,8,2,Family 9-O08-Ambient,Gill,None,2026-06-26 05:39,,,Complete,
C21,Ambient,Family 9,9,3,Family 9-O09-Ambient,Gill,None,2026-06-26 05:39,,,Complete,
C22,Ambient,Family 9,10,1,Family 9-O10-Ambient,Gill,None,2026-06-26 05:39,,,Complete,
C23,Ambient,Family 9,11,2,Family 9-O11-Ambient,Gill,None,2026-06-26 05:39,,,Complete,
C24,Ambient,Family 9,12,3,Family 9-O12-Ambient,Gill,None,2026-06-26 05:39,,,Complete,
C25,Ambient,Family 9,13,1,Family 9-O13-Ambient,Gill,None,2026-06-26 05:39,,,Complete,
C26,Ambient,Family 9,14,2,Family 9-O14-Ambient,Gill,None,2026-06-26 05:39,,,Complete,
C27,Ambient,Family 9,15,3,Family 9-O15-Ambient,Gill,None,2026-06-26 05:39,,,Complete,
S66,36C,Family 7,1,1,Family 7-O01-36C,Gill,SEI,2026-06-26 05:39,,Male - spermatazoa,Complete,
S67,36C,Family 7,2,2,Family 7-O02-36C,Gill,SEI,2026-06-26 05:39,,Female,Complete,
S68,36C,Family 7,3,3,Family 7-O03-36C,Gill,SEI,2026-06-26 05:39,,Male - spermatazoa,Complete,
S69,36C,Family 7,4,1,Family 7-O04-36C,Gill,SEI,2026-06-26 05:39,,Male - spermatazoa,Complete,
S70,36C,Family 7,5,2,Family 7-O05-36C,Gill,SEI,2026-06-26 05:39,,Male - spermatazoa,Complete,
S71,36C,Family 7,6,3,Family 7-O06-36C,Gill,SEI,2026-06-26 05:39,,Female,Complete,
S72,36C,Family 7,7,1,Family 7-O07-36C,Gill,SEI,#REF!,,Male - spermatazoa,Complete,
S73,36C,Family 7,8,2,Family 7-O08-36C,Gill,SEI,2026-06-26 05:39,,Male - spermatazoa,Complete,
S74,36C,Family 7,9,3,Family 7-O09-36C,Gill,SEI,2026-06-26 05:39,,Unknown,Complete,
S75,36C,Family 7,10,1,Family 7-O10-36C,Gill,SEI,2026-06-26 05:39,,Male - spermatazoa,Complete,
S76,36C,Family 7,11,2,Family 7-O11-36C,Gill,SEI,2026-06-26 05:39,,Female ,Complete,
S77,36C,Family 7,12,3,Family 7-O12-36C,Gill,SEI,2026-06-26 05:39,,Male - spermatazoa,Complete,
S78,36C,Family 7,13,1,Family 7-O13-36C,Gill,SEI,2026-06-26 05:39,,Male - spermatazoa,Complete,
S79,36C,Family 7,14,2,Family 7-O14-36C,Gill,SEI,2026-06-26 05:39,,Female,Complete,
S80,36C,Family 7,15,3,Family 7-O15-36C,Gill,SEI,2026-06-26 05:39,,Male - spermatazoa,Complete,
C28,36C,Family 7,1,1,Family 7-O01-36C,Gill,None,2026-06-26 05:39,,,Complete,
C29,36C,Family 7,2,2,Family 7-O02-36C,Gill,None,2026-06-26 05:39,,,Complete,
C30,36C,Family 7,3,3,Family 7-O03-36C,Gill,None,2026-06-26 05:39,,,Complete,
C31,36C,Family 7,4,1,Family 7-O04-36C,Gill,None,2026-06-26 05:39,,,Complete,
C32,36C,Family 7,5,2,Family 7-O05-36C,Gill,None,2026-06-26 05:39,,,Complete,
C33,36C,Family 7,6,3,Family 7-O06-36C,Gill,None,2026-06-26 05:39,,,Complete,
C34,36C,Family 7,7,1,Family 7-O07-36C,Gill,None,2026-06-26 05:39,,,Complete,
C35,36C,Family 7,8,2,Family 7-O08-36C,Gill,None,2026-06-26 05:39,,,Complete,
C36,36C,Family 7,9,3,Family 7-O09-36C,Gill,None,2026-06-26 05:39,,,Complete,
C37,36C,Family 7,10,1,Family 7-O10-36C,Gill,None,2026-06-26 05:39,,,Complete,
C38,36C,Family 7,11,2,Family 7-O11-36C,Gill,None,2026-06-26 05:39,,,Complete,
C39,36C,Family 7,12,3,Family 7-O12-36C,Gill,None,2026-06-26 05:39,,,Complete,
C40,36C,Family 7,13,1,Family 7-O13-36C,Gill,None,2026-06-26 05:39,,,Complete,
C41,36C,Family 7,14,2,Family 7-O14-36C,Gill,None,2026-06-26 05:39,,,Complete,
C42,36C,Family 7,15,3,Family 7-O15-36C,Gill,None,2026-06-26 05:39,,,Complete,
S81,36C,Family 8,1,1,Family 8-O01-36C,Gill,SEI,2026-06-26 05:39,,Male - spermatazoa,Complete,
S82,36C,Family 8,2,2,Family 8-O02-36C,Gill,SEI,2026-06-26 05:39,,Unknown,Complete,
S83,36C,Family 8,3,3,Family 8-O03-36C,Gill,SEI,2026-06-26 05:39,,Unknown,Complete,
S84,36C,Family 8,4,1,Family 8-O04-36C,Gill,SEI,2026-06-26 05:39,,Male - inactive,Complete,
S85,36C,Family 8,5,2,Family 8-O05-36C,Gill,SEI,2026-06-26 05:39,,Male - inactive,Complete,
S86,36C,Family 8,6,3,Family 8-O06-36C,Gill,SEI,2026-06-26 05:39,,Male - spermatazoa,Complete,
S87,36C,Family 8,7,1,Family 8-O07-36C,Gill,SEI,2026-06-26 05:39,,Male - inactive,Complete,
S88,36C,Family 8,8,2,Family 8-O08-36C,Gill,SEI,2026-06-26 05:39,,Male - spermatazoa,Complete,
S89,36C,Family 8,9,3,Family 8-O09-36C,Gill,SEI,2026-06-26 05:39,,Unknown,Complete,
S90,36C,Family 8,10,1,Family 8-O10-36C,Gill,SEI,2026-06-26 05:39,,Male - inactive,Complete,
S91,36C,Family 8,11,2,Family 8-O11-36C,Gill,SEI,2026-06-26 05:39,,Male - spermatazoa,Complete,
S92,36C,Family 8,12,3,Family 8-O12-36C,Gill,SEI,2026-06-26 05:39,,Male - inactive,Complete,
S93,36C,Family 8,13,1,Family 8-O13-36C,Gill,SEI,2026-06-26 05:39,,Unknown,Complete,
S94,36C,Family 8,14,2,Family 8-O14-36C,Gill,SEI,2026-06-26 05:39,,Male - inactive,Complete,
S95,36C,Family 8,15,3,Family 8-O15-36C,Gill,SEI,2026-06-26 05:39,,Male - spermatazoa,Complete,
C43,36C,Family 8,1,1,Family 8-O01-36C,Gill,None,2026-06-26 05:39,,,Complete,
C44,36C,Family 8,2,2,Family 8-O02-36C,Gill,None,2026-06-26 05:39,,,Complete,
C45,36C,Family 8,3,3,Family 8-O03-36C,Gill,None,2026-06-26 05:39,,,Complete,
C46,36C,Family 8,4,1,Family 8-O04-36C,Gill,None,2026-06-26 05:39,,,Complete,
C47,36C,Family 8,5,2,Family 8-O05-36C,Gill,None,2026-06-26 05:39,,,Complete,
C48,36C,Family 8,6,3,Family 8-O06-36C,Gill,None,2026-06-26 05:39,,,Complete,
C49,36C,Family 8,7,1,Family 8-O07-36C,Gill,None,2026-06-26 05:39,,,Complete,
C50,36C,Family 8,8,2,Family 8-O08-36C,Gill,None,2026-06-26 05:39,,,Complete,
C51,36C,Family 8,9,3,Family 8-O09-36C,Gill,None,2026-06-26 05:39,,,Complete,
C52,36C,Family 8,10,1,Family 8-O10-36C,Gill,None,2026-06-26 05:39,,,Complete,
C53,36C,Family 8,11,2,Family 8-O11-36C,Gill,None,2026-06-26 05:39,,,Complete,
C54,36C,Family 8,12,3,Family 8-O12-36C,Gill,None,2026-06-26 05:39,,,Complete,
C55,36C,Family 8,13,1,Family 8-O13-36C,Gill,None,2026-06-26 05:39,,,Complete,
C56,36C,Family 8,14,2,Family 8-O14-36C,Gill,None,2026-06-26 05:39,,,Complete,
C57,36C,Family 8,15,3,Family 8-O15-36C,Gill,None,2026-06-26 05:39,,,Complete,
S96,36C,Family 9,1,1,Family 9-O01-36C,Gill,SEI,2026-06-26 05:39,,Female,Complete,
S97,36C,Family 9,2,2,Family 9-O02-36C,Gill,SEI,2026-06-26 05:39,,Female,Complete,
S98,36C,Family 9,3,3,Family 9-O03-36C,Gill,SEI,2026-06-26 05:39,,Male - spermatazoa,Complete,
S99,36C,Family 9,4,1,Family 9-O04-36C,Gill,SEI,2026-06-26 05:39,,Male - spermatazoa,Complete,
T01,36C,Family 9,5,2,Family 9-O05-36C,Gill,SEI,2026-06-26 05:39,,Female,Complete,
T02,36C,Family 9,6,3,Family 9-O06-36C,Gill,SEI,2026-06-26 05:39,,Female,Complete,
T03,36C,Family 9,7,1,Family 9-O07-36C,Gill,SEI,2026-06-26 05:39,,Male - spermatazoa,Complete,
T04,36C,Family 9,8,2,Family 9-O08-36C,Gill,SEI,2026-06-26 05:39,,Male - spermatazoa,Complete,
T05,36C,Family 9,9,3,Family 9-O09-36C,Gill,SEI,2026-06-26 05:39,,Male - spermatazoa,Complete,
T06,36C,Family 9,10,1,Family 9-O10-36C,Gill,SEI,2026-06-26 05:39,,Unknown,Complete,
T07,36C,Family 9,11,2,Family 9-O11-36C,Gill,SEI,2026-06-26 05:39,,Female,Complete,
T08,36C,Family 9,12,3,Family 9-O12-36C,Gill,SEI,2026-06-26 05:39,,Male - spermatazoa,Complete,
T09,36C,Family 9,13,1,Family 9-O13-36C,Gill,SEI,2026-06-26 05:39,,Male - spermatazoa,Complete,
T10,36C,Family 9,14,2,Family 9-O14-36C,Gill,SEI,2026-06-26 05:39,,Female,Complete,
T11,36C,Family 9,15,3,Family 9-O15-36C,Gill,SEI,2026-06-26 05:39,,Male - spermatazoa,Complete,
C58,36C,Family 9,1,1,Family 9-O01-36C,Gill,None,#REF!,,,Complete,
C59,36C,Family 9,2,2,Family 9-O02-36C,Gill,None,2026-06-26 05:39,,,Complete,
C60,36C,Family 9,3,3,Family 9-O03-36C,Gill,None,2026-06-26 05:39,,,Complete,
C61,36C,Family 9,4,1,Family 9-O04-36C,Gill,None,2026-06-26 05:39,,,Complete,
C62,36C,Family 9,5,2,Family 9-O05-36C,Gill,None,2026-06-26 05:39,,,Complete,
C63,36C,Family 9,6,3,Family 9-O06-36C,Gill,None,2026-06-26 05:39,,,Complete,
C64,36C,Family 9,7,1,Family 9-O07-36C,Gill,None,2026-06-26 05:39,,,Complete,
C65,36C,Family 9,8,2,Family 9-O08-36C,Gill,None,2026-06-26 05:39,,,Complete,
C66,36C,Family 9,9,3,Family 9-O09-36C,Gill,None,2026-06-26 05:39,,,Complete,
C67,36C,Family 9,10,1,Family 9-O10-36C,Gill,None,2026-06-26 05:39,,,Complete,
C68,36C,Family 9,11,2,Family 9-O11-36C,Gill,None,2026-06-26 05:39,,,Complete,
C69,36C,Family 9,12,3,Family 9-O12-36C,Gill,None,2026-06-26 05:39,,,Complete,
C70,36C,Family 9,13,1,Family 9-O13-36C,Gill,None,2026-06-26 05:39,,,Complete,
C71,36C,Family 9,14,2,Family 9-O14-36C,Gill,None,2026-06-26 05:39,,,Complete,
C72,36C,Family 9,15,3,Family 9-O15-36C,Gill,None,2026-06-26 05:39,,,Complete,
F46,36C,,1,1,,Gill,,,,,Needs metadata,
F47,36C,,1,2,,Gill,,,,,Needs metadata,
F48,36C,,1,3,,Gill,,,,,Needs metadata,
F49,36C,,2,1,,Gill,,,,,Needs metadata,
F50,36C,,2,2,,Gill,,,,,Needs metadata,
F51,36C,,2,3,,Gill,,,,,Needs metadata,
F52,36C,,3,1,,Gill,,,,,Needs metadata,
F53,36C,,3,2,,Gill,,,,,Needs metadata,
F54,36C,,3,3,,Gill,,,,,Needs metadata,
F55,36C,,4,1,,Gill,,,,,Needs metadata,
F56,36C,,4,2,,Gill,,,,,Needs metadata,
F57,36C,,4,3,,Gill,,,,,Needs metadata,
F58,36C,,5,1,,Gill,,,,,Needs metadata,
F59,36C,,5,2,,Gill,,,,,Needs metadata,
F60,36C,,5,3,,Gill,,,,,Needs metadata,
F61,36C,,6,1,,Gill,,,,,Needs metadata,
F62,36C,,6,2,,Gill,,,,,Needs metadata,
F63,36C,,6,3,,Gill,,,,,Needs metadata,
F64,36C,,7,1,,Gill,,,,,Needs metadata,
F65,36C,,7,2,,Gill,,,,,Needs metadata,
F66,36C,,7,3,,Gill,,,,,Needs metadata,
F67,36C,,8,1,,Gill,,,,,Needs metadata,
F68,36C,,8,2,,Gill,,,,,Needs metadata,
F69,36C,,8,3,,Gill,,,,,Needs metadata,
F70,36C,,9,1,,Gill,,,,,Needs metadata,
F71,36C,,9,2,,Gill,,,,,Needs metadata,
F72,36C,,9,3,,Gill,,,,,Needs metadata,
F73,36C,,10,1,,Gill,,,,,Needs metadata,
F74,36C,,10,2,,Gill,,,,,Needs metadata,
F75,36C,,10,3,,Gill,,,,,Needs metadata,
F76,36C,,11,1,,Gill,,,,,Needs metadata,
F77,36C,,11,2,,Gill,,,,,Needs metadata,
F78,36C,,11,3,,Gill,,,,,Needs metadata,
F79,36C,,12,1,,Gill,,,,,Needs metadata,
F80,36C,,12,2,,Gill,,,,,Needs metadata,
F81,36C,,12,3,,Gill,,,,,Needs metadata,
F82,36C,,13,1,,Gill,,,,,Needs metadata,
F83,36C,,13,2,,Gill,,,,,Needs metadata,
F84,36C,,13,3,,Gill,,,,,Needs metadata,
F85,36C,,14,1,,Gill,,,,,Needs metadata,
F86,36C,,14,2,,Gill,,,,,Needs metadata,
F87,36C,,14,3,,Gill,,,,,Needs metadata,
F88,36C,,15,1,,Gill,,,,,Needs metadata,
F89,36C,,15,2,,Gill,,,,,Needs metadata,
F90,36C,,15,3,,Gill,,,,,Needs metadata,
F91,Ambient,,1,1,,Gill,,,,,Needs metadata,
F92,Ambient,,1,2,,Gill,,,,,Needs metadata,
F93,Ambient,,1,3,,Gill,,,,,Needs metadata,
F94,Ambient,,2,1,,Gill,,,,,Needs metadata,
F95,Ambient,,2,2,,Gill,,,,,Needs metadata,
F96,Ambient,,2,3,,Gill,,,,,Needs metadata,
F97,Ambient,,3,1,,Gill,,,,,Needs metadata,
F98,Ambient,,3,2,,Gill,,,,,Needs metadata,
F99,Ambient,,3,3,,Gill,,,,,Needs metadata,
G01,Ambient,,4,1,,Gill,,,,,Needs metadata,
G02,Ambient,,4,2,,Gill,,,,,Needs metadata,
G03,Ambient,,4,3,,Gill,,,,,Needs metadata,
G04,Ambient,,5,1,,Gill,,,,,Needs metadata,
G05,Ambient,,5,2,,Gill,,,,,Needs metadata,
G06,Ambient,,5,3,,Gill,,,,,Needs metadata,
G07,Ambient,,6,1,,Gill,,,,,Needs metadata,
G08,Ambient,,6,2,,Gill,,,,,Needs metadata,
G09,Ambient,,6,3,,Gill,,,,,Needs metadata,
G10,Ambient,,7,1,,Gill,,,,,Needs metadata,
G11,Ambient,,7,2,,Gill,,,,,Needs metadata,
G12,Ambient,,7,3,,Gill,,,,,Needs metadata,
G13,Ambient,,8,1,,Gill,,,,,Needs metadata,
G14,Ambient,,8,2,,Gill,,,,,Needs metadata,
G15,Ambient,,8,3,,Gill,,,,,Needs metadata,
G16,Ambient,,9,1,,Gill,,,,,Needs metadata,
G17,Ambient,,9,2,,Gill,,,,,Needs metadata,
G18,Ambient,,9,3,,Gill,,,,,Needs metadata,
G19,Ambient,,10,1,,Gill,,,,,Needs metadata,
G20,Ambient,,10,2,,Gill,,,,,Needs metadata,
G21,Ambient,,10,3,,Gill,,,,,Needs metadata,
G22,Ambient,,11,1,,Gill,,,,,Needs metadata,
G23,Ambient,,11,2,,Gill,,,,,Needs metadata,
G24,Ambient,,11,3,,Gill,,,,,Needs metadata,
G25,Ambient,,12,1,,Gill,,,,,Needs metadata,
G26,Ambient,,12,2,,Gill,,,,,Needs metadata,
G27,Ambient,,12,3,,Gill,,,,,Needs metadata,
G28,Ambient,,13,1,,Gill,,,,,Needs metadata,
G29,Ambient,,13,2,,Gill,,,,,Needs metadata,
G30,Ambient,,13,3,,Gill,,,,,Needs metadata,
G31,Ambient,,14,1,,Gill,,,,,Needs metadata,
G32,Ambient,,14,2,,Gill,,,,,Needs metadata,
G33,Ambient,,14,3,,Gill,,,,,Needs metadata,
G34,Ambient,,15,1,,Gill,,,,,Needs metadata,
G35,Ambient,,15,2,,Gill,,,,,Needs metadata,
G36,Ambient,,15,3,,Gill,,,,,Needs metadata,
G37,36C,,1,1,,Gill,,,,,Needs metadata,
G38,36C,,1,2,,Gill,,,,,Needs metadata,
G39,36C,,1,3,,Gill,,,,,Needs metadata,
G40,36C,,2,1,,Gill,,,,,Needs metadata,
G41,36C,,2,2,,Gill,,,,,Needs metadata,
G42,36C,,2,3,,Gill,,,,,Needs metadata,
G43,36C,,3,1,,Gill,,,,,Needs metadata,
G44,36C,,3,2,,Gill,,,,,Needs metadata,
G45,36C,,3,3,,Gill,,,,,Needs metadata,
G46,36C,,4,1,,Gill,,,,,Needs metadata,
G47,36C,,4,2,,Gill,,,,,Needs metadata,
G48,36C,,4,3,,Gill,,,,,Needs metadata,
G49,36C,,5,1,,Gill,,,,,Needs metadata,
G50,36C,,5,2,,Gill,,,,,Needs metadata,
G51,36C,,5,3,,Gill,,,,,Needs metadata,
G52,36C,,6,1,,Gill,,,,,Needs metadata,
G53,36C,,6,2,,Gill,,,,,Needs metadata,
G54,36C,,6,3,,Gill,,,,,Needs metadata,
G55,36C,,7,1,,Gill,,,,,Needs metadata,
G56,36C,,7,2,,Gill,,,,,Needs metadata,
G57,36C,,7,3,,Gill,,,,,Needs metadata,
G58,36C,,8,1,,Gill,,,,,Needs metadata,
G59,36C,,8,2,,Gill,,,,,Needs metadata,
G60,36C,,8,3,,Gill,,,,,Needs metadata,
G61,36C,,9,1,,Gill,,,,,Needs metadata,
G62,36C,,9,2,,Gill,,,,,Needs metadata,
G63,36C,,9,3,,Gill,,,,,Needs metadata,
G64,36C,,10,1,,Gill,,,,,Needs metadata,
G65,36C,,10,2,,Gill,,,,,Needs metadata,
G66,36C,,10,3,,Gill,,,,,Needs metadata,
G67,36C,,11,1,,Gill,,,,,Needs metadata,
G68,36C,,11,2,,Gill,,,,,Needs metadata,
G69,36C,,11,3,,Gill,,,,,Needs metadata,
G70,36C,,12,1,,Gill,,,,,Needs metadata,
G71,36C,,12,2,,Gill,,,,,Needs metadata,
G72,36C,,12,3,,Gill,,,,,Needs metadata,
G73,36C,,13,1,,Gill,,,,,Needs metadata,
G74,36C,,13,2,,Gill,,,,,Needs metadata,
G75,36C,,13,3,,Gill,,,,,Needs metadata,
G76,36C,,14,1,,Gill,,,,,Needs metadata,
G77,36C,,14,2,,Gill,,,,,Needs metadata,
G78,36C,,14,3,,Gill,,,,,Needs metadata,
G79,36C,,15,1,,Gill,,,,,Needs metadata,
G80,36C,,15,2,,Gill,,,,,Needs metadata,
G81,36C,,15,3,,Gill,,,,,Needs metadata,
G82,Ambient,,1,1,,Gill,,,,,Needs metadata,
G83,Ambient,,1,2,,Gill,,,,,Needs metadata,
G84,Ambient,,1,3,,Gill,,,,,Needs metadata,
G85,Ambient,,2,1,,Gill,,,,,Needs metadata,
G86,Ambient,,2,2,,Gill,,,,,Needs metadata,
G87,Ambient,,2,3,,Gill,,,,,Needs metadata,
G88,Ambient,,3,1,,Gill,,,,,Needs metadata,
G89,Ambient,,3,2,,Gill,,,,,Needs metadata,
G90,Ambient,,3,3,,Gill,,,,,Needs metadata,
G91,Ambient,,4,1,,Gill,,,,,Needs metadata,
G92,Ambient,,4,2,,Gill,,,,,Needs metadata,
G93,Ambient,,4,3,,Gill,,,,,Needs metadata,
G94,Ambient,,5,1,,Gill,,,,,Needs metadata,
G95,Ambient,,5,2,,Gill,,,,,Needs metadata,
G96,Ambient,,5,3,,Gill,,,,,Needs metadata,
G97,Ambient,,6,1,,Gill,,,,,Needs metadata,
G98,Ambient,,6,2,,Gill,,,,,Needs metadata,
G99,Ambient,,6,3,,Gill,,,,,Needs metadata,
H01,Ambient,,7,1,,Gill,,,,,Needs metadata,
H02,Ambient,,7,2,,Gill,,,,,Needs metadata,
H03,Ambient,,7,3,,Gill,,,,,Needs metadata,
H04,Ambient,,8,1,,Gill,,,,,Needs metadata,
H05,Ambient,,8,2,,Gill,,,,,Needs metadata,
H06,Ambient,,8,3,,Gill,,,,,Needs metadata,
H07,Ambient,,9,1,,Gill,,,,,Needs metadata,
H08,Ambient,,9,2,,Gill,,,,,Needs metadata,
H09,Ambient,,9,3,,Gill,,,,,Needs metadata,
H10,Ambient,,10,1,,Gill,,,,,Needs metadata,
H11,Ambient,,10,2,,Gill,,,,,Needs metadata,
H12,Ambient,,10,3,,Gill,,,,,Needs metadata,
H13,Ambient,,11,1,,Gill,,,,,Needs metadata,
H14,Ambient,,11,2,,Gill,,,,,Needs metadata,
H15,Ambient,,11,3,,Gill,,,,,Needs metadata,
H16,Ambient,,12,1,,Gill,,,,,Needs metadata,
H17,Ambient,,12,2,,Gill,,,,,Needs metadata,
H18,Ambient,,12,3,,Gill,,,,,Needs metadata,
H19,Ambient,,13,1,,Gill,,,,,Needs metadata,
H20,Ambient,,13,2,,Gill,,,,,Needs metadata,
H21,Ambient,,13,3,,Gill,,,,,Needs metadata,
H22,Ambient,,14,1,,Gill,,,,,Needs metadata,
H23,Ambient,,14,2,,Gill,,,,,Needs metadata,
H24,Ambient,,14,3,,Gill,,,,,Needs metadata,
H25,Ambient,,15,1,,Gill,,,,,Needs metadata,
H26,Ambient,,15,2,,Gill,,,,,Needs metadata,
H27,Ambient,,15,3,,Gill,,,,,Needs metadata,
H28,36C,,1,1,,Gill,,,,,Needs metadata,
H29,36C,,1,2,,Gill,,,,,Needs metadata,
H30,36C,,1,3,,Gill,,,,,Needs metadata,
H31,36C,,2,1,,Gill,,,,,Needs metadata,
H32,36C,,2,2,,Gill,,,,,Needs metadata,
H33,36C,,2,3,,Gill,,,,,Needs metadata,
H34,36C,,3,1,,Gill,,,,,Needs metadata,
H35,36C,,3,2,,Gill,,,,,Needs metadata,
H36,36C,,3,3,,Gill,,,,,Needs metadata,
H37,36C,,4,1,,Gill,,,,,Needs metadata,
H38,36C,,4,2,,Gill,,,,,Needs metadata,
H39,36C,,4,3,,Gill,,,,,Needs metadata,
H40,36C,,5,1,,Gill,,,,,Needs metadata,
H41,36C,,5,2,,Gill,,,,,Needs metadata,
H42,36C,,5,3,,Gill,,,,,Needs metadata,
H43,36C,,6,1,,Gill,,,,,Needs metadata,
H44,36C,,6,2,,Gill,,,,,Needs metadata,
H45,36C,,6,3,,Gill,,,,,Needs metadata,
H46,36C,,7,1,,Gill,,,,,Needs metadata,
H47,36C,,7,2,,Gill,,,,,Needs metadata,
H48,36C,,7,3,,Gill,,,,,Needs metadata,
H49,36C,,8,1,,Gill,,,,,Needs metadata,
H50,36C,,8,2,,Gill,,,,,Needs metadata,
H51,36C,,8,3,,Gill,,,,,Needs metadata,
H52,36C,,9,1,,Gill,,,,,Needs metadata,
H53,36C,,9,2,,Gill,,,,,Needs metadata,
H54,36C,,9,3,,Gill,,,,,Needs metadata,
H55,36C,,10,1,,Gill,,,,,Needs metadata,
H56,36C,,10,2,,Gill,,,,,Needs metadata,
H57,36C,,10,3,,Gill,,,,,Needs metadata,
H58,36C,,11,1,,Gill,,,,,Needs metadata,
H59,36C,,11,2,,Gill,,,,,Needs metadata,
H60,36C,,11,3,,Gill,,,,,Needs metadata,
H61,36C,,12,1,,Gill,,,,,Needs metadata,
H62,36C,,12,2,,Gill,,,,,Needs metadata,
H63,36C,,12,3,,Gill,,,,,Needs metadata,
H64,36C,,13,1,,Gill,,,,,Needs metadata,
H65,36C,,13,2,,Gill,,,,,Needs metadata,
H66,36C,,13,3,,Gill,,,,,Needs metadata,
H67,36C,,14,1,,Gill,,,,,Needs metadata,
H68,36C,,14,2,,Gill,,,,,Needs metadata,
H69,36C,,14,3,,Gill,,,,,Needs metadata,
H70,36C,,15,1,,Gill,,,,,Needs metadata,
H71,36C,,15,2,,Gill,,,,,Needs metadata,
H72,36C,,15,3,,Gill,,,,,Needs metadata,
H73,Ambient,,1,1,,Gill,,,,,Needs metadata,
H74,Ambient,,1,2,,Gill,,,,,Needs metadata,
H75,Ambient,,1,3,,Gill,,,,,Needs metadata,
H76,Ambient,,2,1,,Gill,,,,,Needs metadata,
H77,Ambient,,2,2,,Gill,,,,,Needs metadata,
H78,Ambient,,2,3,,Gill,,,,,Needs metadata,
H79,Ambient,,3,1,,Gill,,,,,Needs metadata,
H80,Ambient,,3,2,,Gill,,,,,Needs metadata,
H81,Ambient,,3,3,,Gill,,,,,Needs metadata,
H82,Ambient,,4,1,,Gill,,,,,Needs metadata,
H83,Ambient,,4,2,,Gill,,,,,Needs metadata,
H84,Ambient,,4,3,,Gill,,,,,Needs metadata,
H85,Ambient,,5,1,,Gill,,,,,Needs metadata,
H86,Ambient,,5,2,,Gill,,,,,Needs metadata,
H87,Ambient,,5,3,,Gill,,,,,Needs metadata,
H88,Ambient,,6,1,,Gill,,,,,Needs metadata,
H89,Ambient,,6,2,,Gill,,,,,Needs metadata,
H90,Ambient,,6,3,,Gill,,,,,Needs metadata,
H91,Ambient,,7,1,,Gill,,,,,Needs metadata,
H92,Ambient,,7,2,,Gill,,,,,Needs metadata,
H93,Ambient,,7,3,,Gill,,,,,Needs metadata,
H94,Ambient,,8,1,,Gill,,,,,Needs metadata,
H95,Ambient,,8,2,,Gill,,,,,Needs metadata,
H96,Ambient,,8,3,,Gill,,,,,Needs metadata,
H97,Ambient,,9,1,,Gill,,,,,Needs metadata,
H98,Ambient,,9,2,,Gill,,,,,Needs metadata,
H99,Ambient,,9,3,,Gill,,,,,Needs metadata,
I01,Ambient,,10,1,,Gill,,,,,Needs metadata,
I02,Ambient,,10,2,,Gill,,,,,Needs metadata,
I03,Ambient,,10,3,,Gill,,,,,Needs metadata,
I04,Ambient,,11,1,,Gill,,,,,Needs metadata,
I05,Ambient,,11,2,,Gill,,,,,Needs metadata,
I06,Ambient,,11,3,,Gill,,,,,Needs metadata,
I07,Ambient,,12,1,,Gill,,,,,Needs metadata,
I08,Ambient,,12,2,,Gill,,,,,Needs metadata,
I09,Ambient,,12,3,,Gill,,,,,Needs metadata,
I10,Ambient,,13,1,,Gill,,,,,Needs metadata,
I11,Ambient,,13,2,,Gill,,,,,Needs metadata,
I12,Ambient,,13,3,,Gill,,,,,Needs metadata,
I13,Ambient,,14,1,,Gill,,,,,Needs metadata,
I14,Ambient,,14,2,,Gill,,,,,Needs metadata,
I15,Ambient,,14,3,,Gill,,,,,Needs metadata,
I16,Ambient,,15,1,,Gill,,,,,Needs metadata,
I17,Ambient,,15,2,,Gill,,,,,Needs metadata,
I18,Ambient,,15,3,,Gill,,,,,Needs metadata,
I19,,,,,,Gill,,,,,,
I20,,,,,,Gill,,,,,,
I21,,,,,,Gill,,,,,,
I22,,,,,,Gill,,,,,,
I23,,,,,,Gill,,,,,,
I24,,,,,,Gill,,,,,,
I25,,,,,,Gill,,,,,,
I26,,,,,,Gill,,,,,,
I27,,,,,,Gill,,,,,,
I28,,,,,,Gill,,,,,,
I29,,,,,,Gill,,,,,,
I30,,,,,,Gill,,,,,,
I31,,,,,,Gill,,,,,,
I32,,,,,,Gill,,,,,,
I33,,,,,,Gill,,,,,,
I34,,,,,,Gill,,,,,,
I35,,,,,,Gill,,,,,,
I36,,,,,,Gill,,,,,,
I37,,,,,,Gill,,,,,,
I38,,,,,,Gill,,,,,,
I39,,,,,,Gill,,,,,,
I40,,,,,,Gill,,,,,,
I41,,,,,,Gill,,,,,,
I42,,,,,,Gill,,,,,,
I43,,,,,,Gill,,,,,,
I44,,,,,,Gill,,,,,,
I45,,,,,,Gill,,,,,,
I46,,,,,,Gill,,,,,,
I47,,,,,,Gill,,,,,,
I48,,,,,,Gill,,,,,,
I49,,,,,,Gill,,,,,,
I50,,,,,,Gill,,,,,,
I51,,,,,,Gill,,,,,,
I52,,,,,,Gill,,,,,,
I53,,,,,,Gill,,,,,,
I54,,,,,,Gill,,,,,,
I55,,,,,,Gill,,,,,,
I56,,,,,,Gill,,,,,,
I57,,,,,,Gill,,,,,,
I58,,,,,,Gill,,,,,,
I59,,,,,,Gill,,,,,,
I60,,,,,,Gill,,,,,,
I61,,,,,,Gill,,,,,,
I62,,,,,,Gill,,,,,,
I63,,,,,,Gill,,,,,,
I64,,,,,,Gill,,,,,,
I65,,,,,,Gill,,,,,,
I66,,,,,,Gill,,,,,,
I67,,,,,,Gill,,,,,,
I68,,,,,,Gill,,,,,,
I69,,,,,,Gill,,,,,,
I70,,,,,,Gill,,,,,,
I71,,,,,,Gill,,,,,,
I72,,,,,,Gill,,,,,,
I73,,,,,,Gill,,,,,,
I74,,,,,,Gill,,,,,,
I75,,,,,,Gill,,,,,,
I76,,,,,,Gill,,,,,,
I77,,,,,,Gill,,,,,,
I78,,,,,,Gill,,,,,,
I79,,,,,,Gill,,,,,,
I80,,,,,,Gill,,,,,,
I81,,,,,,Gill,,,,,,
I82,,,,,,Gill,,,,,,
I83,,,,,,Gill,,,,,,
I84,,,,,,Gill,,,,,,
I85,,,,,,Gill,,,,,,
I86,,,,,,Gill,,,,,,
I87,,,,,,Gill,,,,,,
I88,,,,,,Gill,,,,,,
I89,,,,,,Gill,,,,,,
I90,,,,,,Gill,,,,,,
I91,,,,,,Gill,,,,,,
I92,,,,,,Gill,,,,,,
I93,,,,,,Gill,,,,,,
I94,,,,,,Gill,,,,,,
I95,,,,,,Gill,,,,,,
I96,,,,,,Gill,,,,,,
I97,,,,,,Gill,,,,,,
I98,,,,,,Gill,,,,,,
I99,,,,,,Gill,,,,,,
J01,,,,,,Gill,,,,,,
J02,,,,,,Gill,,,,,,
J03,,,,,,Gill,,,,,,
J04,,,,,,Gill,,,,,,
J05,,,,,,Gill,,,,,,
J06,,,,,,Gill,,,,,,
J07,,,,,,Gill,,,,,,
J08,,,,,,Gill,,,,,,
J09,,,,,,Gill,,,,,,
J10,,,,,,Gill,,,,,,
J11,,,,,,Gill,,,,,,
J12,,,,,,Gill,,,,,,
J13,,,,,,Gill,,,,,,
J14,,,,,,Gill,,,,,,
J15,,,,,,Gill,,,,,,
J16,,,,,,Gill,,,,,,
J17,,,,,,Gill,,,,,,
J18,,,,,,Gill,,,,,,
J19,,,,,,Gill,,,,,,
J20,,,,,,Gill,,,,,,
J21,,,,,,Gill,,,,,,
J22,,,,,,Gill,,,,,,
J23,,,,,,Gill,,,,,,
J24,,,,,,Gill,,,,,,
J25,,,,,,Gill,,,,,,
J26,,,,,,Gill,,,,,,
J27,,,,,,Gill,,,,,,
J28,,,,,,Gill,,,,,,
J29,,,,,,Gill,,,,,,
J30,,,,,,Gill,,,,,,
J31,,,,,,Gill,,,,,,
J32,,,,,,Gill,,,,,,
J33,,,,,,Gill,,,,,,
J34,,,,,,Gill,,,,,,
J35,,,,,,Gill,,,,,,
J36,,,,,,Gill,,,,,,
J37,,,,,,Gill,,,,,,
J38,,,,,,Gill,,,,,,
J39,,,,,,Gill,,,,,,
J40,,,,,,Gill,,,,,,
J41,,,,,,Gill,,,,,,
J42,,,,,,Gill,,,,,,
J43,,,,,,Gill,,,,,,
J44,,,,,,Gill,,,,,,
J45,,,,,,Gill,,,,,,
J46,,,,,,Gill,,,,,,
J47,,,,,,Gill,,,,,,
J48,,,,,,Gill,,,,,,
J49,,,,,,Gill,,,,,,
J50,,,,,,Gill,,,,,,
J51,,,,,,Gill,,,,,,
J52,,,,,,Gill,,,,,,
J53,,,,,,Gill,,,,,,
J54,,,,,,Gill,,,,,,
J55,,,,,,Gill,,,,,,
J56,,,,,,Gill,,,,,,
J57,,,,,,Gill,,,,,,
J58,,,,,,Gill,,,,,,
J59,,,,,,Gill,,,,,,
J60,,,,,,Gill,,,,,,
J61,,,,,,Gill,,,,,,
J62,,,,,,Gill,,,,,,
J63,,,,,,Gill,,,,,,
J64,,,,,,Gill,,,,,,
J65,,,,,,Gill,,,,,,
J66,,,,,,Gill,,,,,,
J67,,,,,,Gill,,,,,,
J68,,,,,,Gill,,,,,,
J69,,,,,,Gill,,,,,,
J70,,,,,,Gill,,,,,,
J71,,,,,,Gill,,,,,,
J72,,,,,,Gill,,,,,,
J73,,,,,,Gill,,,,,,
J74,,,,,,Gill,,,,,,
J75,,,,,,Gill,,,,,,
J76,,,,,,Gill,,,,,,
J77,,,,,,Gill,,,,,,
J78,,,,,,Gill,,,,,,
J79,,,,,,Gill,,,,,,
J80,,,,,,Gill,,,,,,
J81,,,,,,Gill,,,,,,
J82,,,,,,Gill,,,,,,
J83,,,,,,Gill,,,,,,
J84,,,,,,Gill,,,,,,
J85,,,,,,Gill,,,,,,
J86,,,,,,Gill,,,,,,
J87,,,,,,Gill,,,,,,
J88,,,,,,Gill,,,,,,
J89,,,,,,Gill,,,,,,
J90,,,,,,Gill,,,,,,
J91,,,,,,Gill,,,,,,
J92,,,,,,Gill,,,,,,
J93,,,,,,Gill,,,,,,
J94,,,,,,Gill,,,,,,
J95,,,,,,Gill,,,,,,
J96,,,,,,Gill,,,,,,
J97,,,,,,Gill,,,,,,
J98,,,,,,Gill,,,,,,
J99,,,,,,Gill,,,,,,
K01,,,,,,Gill,,,,,,
K02,,,,,,Gill,,,,,,
K03,,,,,,Gill,,,,,,
K04,,,,,,Gill,,,,,,
K05,,,,,,Gill,,,,,,
K06,,,,,,Gill,,,,,,
K07,,,,,,Gill,,,,,,
K08,,,,,,Gill,,,,,,
K09,,,,,,Gill,,,,,,
K10,,,,,,Gill,,,,,,